김광진,남,0
처진달팽이,남,1
잔나비,남,1
이은미,여,0
김광석,남,0
sky,남,1
이승기,남,0
W.H.I.T.E,남,1
박은태,남,0
GOD,남,1
015B,남,1
윤상현,남,0
백지영,여,0
정인,여,0
조유진박기영,여,1
윤딴딴,남,0
정준일,남,0
유승우,남,0
10cm,남,1
태연,여,0
싸이,남,0
어쿠스틱콜라보,남,1
에이핑크,여,1
정용화,남,0
규현,남,0
신형원,남,0
송대관,남,0
노을,남,1
아이유,여,0
이석훈,남,0
폴킴,남,0
방탄소년단,남,1
청하,여,1
소녀시대,여,1
레드벨벳,여,1
포지션,남,1
더크로스,남,1
나윤권,남,0
백아연,여,0
윤하,여,0
선미,여,0
블랙핑크,여,1
거북이,남,1
다이나믹듀오,남,1
워너원,남,1
바이브,남,1
치즈,여,0
마미손,남,0
디에이드,여,1
제니,여,0
비투비,남,1
자이언티,남,0
에릭남치즈,남,1
김범수,남,0
김동률,남,0
수지백현,여,1
벤,여,0
이준호,남,0
케이월,남,0
박효신이석훈성시경,남,1
Lauv,남,1
김범수박정현,남,1
김진표,남,0
아리아나그란데,여,0
머라이어캐리,여,0
멜로망스,남,1
박효신,남,0
헤이즈,여,0
SG워너비브라운아이드걸스,남,1
어반자카파,남,1
젝스키스,남,1
터보,남,1
EXO,남,1
이루,남,0
정승환,남,0
시아,여,0
태티서,여,1
부활,남,1
김태우,남,0
비스트,남,1
윤하,여,0
럼블피쉬,여,1
제이레빗,여,1
김건모,남,0
윤종신,남,0
에픽하이,남,1
다비치,여,1
오렌지캬라멜,여,1
미쓰에이,여,1
쿠기,남,0
로꼬유주,남,1
코요태,남,1
